,,,**** LOOKING FOR 260515 LE SSERAFIM Kazuha ****,,,,https://loveshakedata.gumroad.com/l/260515-le-sserafim-kazuha,,,,,,,,,,,,,,,,,,,,
,,,,,,,,,,,,,,,,,,,,,,,,,,,
                     <<<<<  click here to chage view mode (By Date or By Group) *****,,,,,,,,,,,,,,,,,,,,,,,,,,,
Date,Name,GROUP,Source,anything,Example,REMARK,คอลัมน์ 7,คอลัมน์ 8,คอลัมน์ 9,คอลัมน์ 10,คอลัมน์ 11,คอลัมน์ 12,คอลัมน์ 13,คอลัมน์ 14,คอลัมน์ 15,คอลัมน์ 16,คอลัมน์ 17,คอลัมน์ 18,คอลัมน์ 19,คอลัมน์ 20,คอลัมน์ 21,คอลัมน์ 22,คอลัมน์ 23,คอลัมน์ 24,คอลัมน์ 25,planning,คอลัมน์ 27
260915,260915  Karina kdata,aespa,kdatastudio,,https://ganknow.com/post/5ddbab87-f0f2-404a-89a9-eb2f897aad61,,260915,,,,,,,,,,,,,,,,,,,,
260918,260918 AESPA🚨LIMITED🚨,aespa,idollove,,https://ganknow.com/post/c68afe8e-9889-4751-91d4-f16da0f8d0ef,,260918,,,,,,,,,,,,,,,,,,,,
260803,260803 ningning,aespa,idollove,,https://ganknow.com/post/649a8695-acb5-4e7c-9ecd-842ea5cb54d4,,260803,,,,,,,,,,,,,,,,,,,,
260915,260915 HEEJIN yoichi,ARTMS,yoichi69,,https://ganknow.com/post/e700a9cd-32d6-4ff3-94ce-c3e0258f0580,,260915,,,,,,,,,,,,,,,,,,,,
260809,260809 Asa 2159,BABYMONSTER,Baemonfan,,https://ganknow.com/post/1703dfdd-71b6-4eb8-b577-44f58042037c,,260809,,,,,,,,,,,,,,,,,,,,
260911,260911 BABYMONSTER Ahyeon 1331p (baemonfan),BABYMONSTER,Baemonfan,,https://ganknow.com/post/d0a44e02-ba4f-4ca2-b6c3-25d4e11b5507, FAIR TRADE ONLY (SELECTIVE),260911,,,,,,,,,,,,,,,,,,,,
260809,260809 Ahyeon 1606,BABYMONSTER,KUMDATA,,,,260809,,,,,,,,,,,,,,,,,,,,
260627,260627 Ahyeon 4206,BABYMONSTER,,,,,260627,,,,,,,,,,,,,,,,,,,,
260626,260626 Ahyeon 4092,BABYMONSTER,kdatastudio,,https://ganknow.com/services/98425-kdatastudio-260626-ahyeon-limited, FAIR TRADE ONLY (SELECTIVE),260626,,,,,,,,,,,,,,,,,,,,
260816,260816 Jennie 5042,BLACK PINK,kdatastudio,,https://ganknow.com/post/a85c1aef-dfb0-486e-9cc1-233b274abe6e,,260816,,,,,,,,,,,,,,,,,,,,
260814,260814 Jennie 4556,BLACK PINK,kdatastudio,,https://ganknow.com/post/8d4e4c5a-c890-43e4-b171-a6ca71abcf03,,260814,,,,,,,,,,,,,,,,,,,,
260802,260802 jennie,BLACK PINK,idollove,,https://ganknow.com/post/649a8695-acb5-4e7c-9ecd-842ea5cb54d4,,260802,,,,,,,,,,,,,,,,,,,,
260801,260801 Jennie 465,BLACK PINK,kdatastudio,,https://ganknow.com/post/cf6882eb-e654-41f5-96b2-0dd459bec33f,,260801,,,,,,,,,,,,,,,,,,,,
250705,250705 Jennie 1811 (EVENT PRIZE),BLACK PINK,kdatastudio,,https://ganknow.com/post/2fe3b3ff-1740-4e59-a185-2f317365038f,,250705,,,,,,,,,,,,,,,,,,,,
260816,260816 Jennie 963 limited Idollove,BLACK PINK,idollove,,,,260816,,,,,,,,,,,,,,,,,,,,
260828,260828 Jeewon yoichi69 ver2  2506,cignature/latency,yoichi69,,https://ganknow.com/post/7ca1375f-a887-4cb3-be24-6f9c4f6ec01c,,260828,,,,,,,,,,,,,,,,,,,,
260828,260828 JEEWON idollove ver2,cignature/latency,idollove,,https://ganknow.com/post/94f445f2-8d63-4624-9ac6-8ef0b34a3f3a,,260828,,,,,,,,,,,,,,,,,,,,
260828,260828 jeewon 2484,cignature/latency,idollove,,https://ganknow.com/post/c448d94b-5cd9-4905-8f94-5b4df673eed0,,260828,,,,,,,,,,,,,,,,,,,,
260828,260828 JEEWON,cignature/latency,yoichi69,,https://ganknow.com/post/cba51444-5de6-4054-8945-0131a84e417f,,260828,,,,,,,,,,,,,,,,,,,,
260828,260828 JEEWON,cignature/latency,kdatastudio,,https://ganknow.com/post/04507c7c-93a3-41e2-952a-12ee2b87bdad,,260828,,,,,,,,,,,,,,,,,,,,
240824,240824 Jiwon 3641 part3,cignature/latency,SAKURADATA,,https://ganknow.com/services/106145-sakuradata-limited-sold-out-jiwon-3641pics-part-3, FAIR TRADE ONLY (SELECTIVE),240824,,,,,,,,,,,,,,,,,,,,
240824,240824 Jiwon 3574 part2,cignature/latency,SAKURADATA,,https://ganknow.com/services/106478-sakuradata-limited-sold-out-jiwon-3574pics-part-2, FAIR TRADE ONLY (SELECTIVE),240824,,,,,,,,,,,,,,,,,,,,
240824,240824 Jiwon 3573 part1,cignature/latency,SAKURADATA,,https://ganknow.com/services/106146-sakuradata-limited-sold-out-jiwon-3573pics-part-1, FAIR TRADE ONLY (SELECTIVE),240824,,,,,,,,,,,,,,,,,,,,
260808,260808 jimin 1664,CLASS:y,kdatastudio,,https://ganknow.com/post/db121bf6-3cc3-46bd-b000-91a338939058,,260808,,,,,,,,,,,,,,,,,,,,
260208,260208 Boeun,CLASS:y,idollove,,https://ganknow.com/post/ff3f1bb0-c759-44e6-aa10-7dba788765fe,,260208,,,,,,,,,,,,,,,,,,,,
260208,260208 hyungseo 2209,CLASS:y,idollove,,https://ganknow.com/post/c5c72914-0f7a-4680-990a-08790f7346e1,,260208,,,,,,,,,,,,,,,,,,,,
260910,260910 Athena 4 sets,FIFTY FIFTY,loveshakedata,,https://ganknow.com/post/fe065f12-0e43-4d15-b6c9-29348caaac0e,,260910,,,,,,,,,,,,,,,,,,,,
260829,260829 athena 3150,FIFTY FIFTY,yoichi69,,https://ganknow.com/post/ec2cdcb7-6315-4a27-a756-ba556e0a11c8,,260829,,,,,,,,,,,,,,,,,,,,
260801, 260801 KEENA,FIFTY FIFTY,datacoffeeshop,,https://ganknow.com/post/bb11a9f4-f1ea-4c12-9d2f-10a80da8d34d,so fat 🥵,260801,,,,,,,,,,,,,,,,,,,,
260728,260728 ATHENA,FIFTY FIFTY,idollove,,https://ganknow.com/post/72402679-26b4-45c7-9a08-bbfb79a160da,,260728,,,,,,,,,,,,,,,,,,,,
260211,260211 아테나 2070 Athena,FIFTY FIFTY,idolxdata,,https://ganknow.com/post/ce399c77-69cb-498b-a97b-47afd001d7f1,,260211,,,,,,,,,,,,,,,,,,,,
260905,260905 CHAEYOUNG v1,FROMIS_9,yoichi69,,https://ganknow.com/post/ad5df700-ef4b-4b1b-aa02-bf9fdf0bb142,,260905,,,,,,,,,,,,,,,,,,,,
260904,260904 NAGYUNG,FROMIS_9,yoichi69,,https://ganknow.com/post/27000cca-c4d1-4245-8aef-87e998eebed7,,260904,,,,,,,,,,,,,,,,,,,,
260904, 260904 jiheon,FROMIS_9,yoichi69,,https://ganknow.com/post/683142ca-233a-4870-802a-dbfcd6d57bf8,,260904,,,,,,,,,,,,,,,,,,,,
260904,260904 chaeyoung,FROMIS_9,yoichi69,,https://ganknow.com/post/5ca8ba25-e587-490b-a816-8c36b0d4d9c8,,260904,,,,,,,,,,,,,,,,,,,,
260726,260726 Hwiseo Yoichi,H1key,yoichi69,,https://ganknow.com/post/275434f4-dc06-4513-9f55-50d2316f795c,,260726,,,,,,,,,,,,,,,,,,,,
260827,260827 Ian 1700,H2H,datacoffeeshop,,https://ganknow.com/post/d35251dd-22f7-4b2d-889f-c327fd99be1c,,260827,,,,,,,,,,,,,,,,,,,,
260912,260912 Yeju,ICHILLIN,yoichi69,,https://ganknow.com/post/94c1c856-5fa4-43c7-8ed5-68a630bc1c4e,,260912,,,,,,,,,,,,,,,,,,,,
260830,260830  Shuhua 3349 limited,IDLE,yoichi69,,https://ganknow.com/post/ff9427aa-6bcc-4a92-974a-d2321c2aafe7,,260830,,,,,,,,,,,,,,,,,,,,
260829,260829&260830 Miyeon 3964 Limited,IDLE,yoichi69,,https://ganknow.com/post/79812a75-2599-41bf-974b-e2213e5e620d,,260829,,,,,,,,,,,,,,,,,,,,
260811,260811 Minnie 민니 1682,IDLE,idolxdata,,https://ganknow.com/post/2243e602-19ef-4711-b012-f04590e39169,,260811,,,,,,,,,,,,,,,,,,,,
260222,260222 Minnie - 비니,IDLE,idolxdata,,,https://ganknow.com/post/50bb5269-cb07-4939-8b47-bfd950f43a9f,260222,,,,,,,,,,,,,,,,,,,,
260221,260221 SHUHUA,IDLE,idolxdata,,https://ganknow.com/post/870ff6f8-4345-41fc-b83b-ef776656f8ae,,260221,,,,,,,,,,,,,,,,,,,,
260221,260221 MIYEON,IDLE,idolxdata,,https://ganknow.com/post/5144ae72-8c84-4508-971f-336eb061bc75,,260221,,,,,,,,,,,,,,,,,,,,
250611,250611 Shuhua 3454PICS,IDLE,yoichi69,,https://ganknow.com/post/10a6db68-cc0b-4419-8873-da4ea02df440,,250611,,,,,,,,,,,,,,,,,,,,
240530,240530 miyeon  fancam KPFTIME,IDLE,KPFTIME,,,4.4GB ,240530,,,,,,,,,,,,,,,,,,,,
260827,260827 iroha,ILLIT,kdatastudio,,https://ganknow.com/post/8f06b1bb-f3d3-4965-a28d-79c72842b8ae,,260827,,,,,,,,,,,,,,,,,,,,
260809,260809 yuna backview collection,ITZY,idollove,,https://ganknow.com/post/bb1e8614-516f-416f-a009-af8f381e19ff,,260809,,,,,,,,,,,,,,,,,,,,
260809,260809 LIA BACKVIEW SPECIAL LIMITED,ITZY,idollove,,https://ganknow.com/post/d1af6c56-d527-4d55-a802-833c915dd8cf,,260809,,,,,,,,,,,,,,,,,,,,
260809,260809 chaeryeong (Backview collection),ITZY,,No trade,No trade,No trade,260809,,,,,,,,,,,,,,,,,,,,
260809,260809 Chaeryeong 3196,ITZY,kdatastudio,,https://ganknow.com/post/6fe64dff-da60-4853-8ee1-045eeaa952bd,,260809,,,,,,,,,,,,,,,,,,,,
260808,260808 Ryujin Coffee ver,ITZY,datacoffeeshop,,https://ganknow.com/post/4fd64617-a1e5-4845-8beb-12fb3b81d623,,260808,,,,,,,,,,,,,,,,,,,,
260808,260808 chaeryeong 7869,ITZY,yoichi69,,https://ganknow.com/post/e938f55c-308c-4187-946b-f27a47bbed25,,260808,,,,,,,,,,,,,,,,,,,,
260808,260808 Chaeryeong 7859,ITZY,yoichi69,,https://ganknow.com/post/e938f55c-308c-4187-946b-f27a47bbed25,,260808,,,,,,,,,,,,,,,,,,,,
260808,Lia 260808,ITZY,yoichi69,, https://ganknow.com/post/5dc338b4-fb32-4163-b410-56f7da4b9a17,,260808,,,,,,,,,,,,,,,,,,,,
251206,251206 Gaeul ,IVE,,,Outfit example only https://encrypted-tbn0.gstatic.com/images?q=tbn:ANd9GcQHjJDaBDv47E8QI7Z9oQgvRxpldnp6fcSlLw9sXyxnGzolba85xuO14Z8&s=10,No trade,251206,,,,,,,,,,,,,,,,,,,,
260821, 260821 rei 912,IVE,idollove,,https://ganknow.com/post/327b0d64-5114-4401-8880-821af548f9be,,260821,,,,,,,,,,,,,,,,,,,,
260821,260821 IVE Gaeul 260821,IVE,idollove,,https://ganknow.com/post/a6ab8af2-667d-4333-bcd5-b32726f57c98,,260821,,,,,,,,,,,,,,,,,,,,
260821,260821 liz  1594 files,IVE,not sure,,,,260821,,,,,,,,,,,,,,,,,,,,
260816,260816 leeseo 1659,IVE,,notsure,,not sure: 15 same-date/name candidates | Candidates: loveshakedata https://ganknow.com/post/ff70350f-16f0-47eb-9685-e8527136c40e | loveshakedata https://ganknow.com/post/37c1ce7b-9a69-43c6-b414-fb44ab73911a | idolxdata https://ganknow.com/post/da235a46-060e-4e0b-a13d-29a0d9c20bdb | idolxdata https://ganknow.com/post/b503fd3e-5e4f-4a5f-951d-4a1d8180b58b | kdatastudio https://ganknow.com/post/c7f5e318-12c0-4d71-9ec5-d35e82902564 | kdatastudio https://ganknow.com/post/4afa5532-b91a-48b4-b743-3646265395de | kdatastudio https://ganknow.com/post/93d40b8a-855c-44e0-a6e3-6d43cec9e6ef | kdatastudio https://ganknow.com/post/97929ee5-d700-4aed-9c41-d26561495d29 | kdatastudio https://ganknow.com/post/4154f9d1-db3e-42dc-a2a7-3ddb1eeeda9f | kdatastudio https://ganknow.com/post/802734ba-f4a5-42e0-bd33-08d401704046 | kdatastudio https://ganknow.com/post/a66b481b-412c-4187-b75f-7bcfa50b1e2d | kdatastudio https://ganknow.com/post/183c4eb6-0b0d-4345-be59-5ec957c7d719 | idollove https://ganknow.com/post/7843c5e5-2fe7-4250-ab41-25234d2db45e | yoichi69 https://ganknow.com/post/fcf27444-c009-4796-b1f8-b80d8d462a0f | idollove https://ganknow.com/post/d303c6b8-3c57-4a6c-bf00-0200ea2de4f0,260816,,,,,,,,,,,,,,,,,,,,
260322,260322 Yujin  3585,IVE,,,,,260322,,,,,,,,,,,,,,,,,,,,
260322,260322 ive IVE 31661,IVE,,,,30k DATA ALL MEMBERS,260322,,,,,,,,,,,,,,,,,,,,
260321,260321 WONYOUNG 3560,IVE,idolxdata,,https://ganknow.com/services/88792-idolxdata-rare-260321-wonyoung-3560-pics,,260321,,,,,,,,,,,,,,,,,,,,
260110,260110 rei  RARE,IVE,No trade,,https://drive.google.com/file/d/1BFs-MdALjW3bMuxEUyXeZqsA6zf0ePRN/view?usp=sharing,panty 🥵,260110,,,,,,,,,,,,,,,,,,,,
251206,251206 leeseo IVE 1427,IVE,kdatastudio,,https://ganknow.com/post/1dac8be3-c8b5-44d9-9ad0-c8b3499bbfb2,,251206,,,,,,,,,,,,,,,,,,,,
251206,251206 Leeseo (2),IVE,kdatastudio,,https://ganknow.com/post/1dac8be3-c8b5-44d9-9ad0-c8b3499bbfb2,,251206,,,,,,,,,,,,,,,,,,,,
250907,250907 rei ,IVE,,,buy from partner,,250907,,,,,,,,,,,,,,,,,,,,
240309,240309 wonyoung (Backview),IVE,,,,No trade,240309,,,,,,,,,,,,,,,,,,,,
240309,240309 Leeseo backview collection,IVE,idollove,,https://ganknow.com/post/509d741e-1c3f-4861-89b3-ad784ec0f49f,,240309,,,,,,,,,,,,,,,,,,,,
251031,251031 Wonyoung 5789 (Exclusive),IVE,,,,,251031,,,,,,,,,,,,,,,,,,,,
260919,260919 Chaehyun 4552 Kdata,Kep1er,kdatastudio,,https://ganknow.com/post/93df4d60-1de6-4f83-a53a-a8a9e78074ff,,260919,,,,,,,,,,,,,,,,,,,,
260919,260919 CHAEHYUN,Kep1er,loveshakedata, NO TRADE !!,https://ganknow.com/post/e66e2f1d-9536-4d16-8f94-b92698ad16f6, NO TRADE !!,260919,,,,,,,,,,,,,,,,,,,,
260919,260919 CHAEHYUN🚨LIMITED🚨,Kep1er,idollove,,https://ganknow.com/post/8e0f5aec-c01c-4fe6-ad49-4f771b62fbdd,,260919,,,,,,,,,,,,,,,,,,,,
260822,260822 Dayeon 2305 (limited) Yoichi69,Kep1er,yoichi69,,https://ganknow.com/post/eeef5f3e-4137-4d27-b1c0-9f0a0c9bfe9a,,260822,,,,,,,,,,,,,,,,,,,,
260906,260906 KIIIKIII Kya,KiiiKiii,datacoffeeshop,,https://ganknow.com/post/13bfedcb-a946-4a21-9fc7-c26e13cd186a,,260906,,,,,,,,,,,,,,,,,,,,
260906,260906 Kya 3073(Yoichi),KiiiKiii,yoichi69,,"post deleted , LIMITED 260906 KYA at 2026 SPOTV K-POP AWARDS (SKA) 3073 FILES ",,260906,,,,,,,,,,,,,,,,,,,,
260913,260913 Natty 2327,KISS OF LIFE,yoichi69,,https://ganknow.com/post/e6c2dc39-6c13-4d26-8f15-7b36a7a00037,,260913,,,,,,,,,,,,,,,,,,,,
260913,260913 Natty (2) + Julie + Haneul,KISS OF LIFE,datacoffeeshop,,https://ganknow.com/post/8462e8f1-f313-465f-82f6-bc934212f9dd,,260913,,,,,,,,,,,,,,,,,,,,
260725,260725 Julie,KISS OF LIFE,,,,,260725,,,,,,,,,,,,,,,,,,,,
260724,260724 NATTY SPECIAL LIMITED,KISS OF LIFE,idollove,,https://ganknow.com/post/ceef68b5-ce91-4ad8-a929-2abcfb6b084d,,260724,,,,,,,,,,,,,,,,,,,,
260827,260827 Sakura 1888 (limited) KDataStudio,LE SSERAFIM,kdatastudio,,https://ganknow.com/post/704f7ab8-bd00-487a-b893-59520be4374a,,260827,,,,,,,,,,,,,,,,,,,,
260827,260827 kazuha yoichi,LE SSERAFIM,yoichi69,,https://ganknow.com/post/29b2e6f4-0252-4d81-bf1f-2ad589d391bc,,260827,,,,,,,,,,,,,,,,,,,,
260827,260827 kazuha ,LE SSERAFIM,yoichi69,,https://ganknow.com/post/29b2e6f4-0252-4d81-bf1f-2ad589d391bc,,260827,,,,,,,,,,,,,,,,,,,,
260827,260827 Eunchae yoichi,LE SSERAFIM,yoichi69,,https://ganknow.com/post/cc10d0b5-5cb5-44b2-88d9-144d92379cf1,,260827,,,,,,,,,,,,,,,,,,,,
260827,260827 eunchae 2075,LE SSERAFIM,datacoffeeshop,,https://ganknow.com/post/407a6cdb-b82a-4dc7-adac-4e01268cc5eb,,260827,,,,,,,,,,,,,,,,,,,,
260827,260827 Eunchae 🚨LIMITED🚨 (C Section) 4099,LE SSERAFIM,yoichi69,,"spread legs Choreography , post deleted",,260827,,,,,,,,,,,,,,,,,,,,
260827,260827 Chaewon,LE SSERAFIM,kdatastudio,,https://ganknow.com/post/d1c02737-72ad-41a5-b43e-cf81fd6c6cd1,,260827,,,,,,,,,,,,,,,,,,,,
260827,260827 Chaewon,LE SSERAFIM,datacoffeeshop,,https://ganknow.com/post/16092d51-0b12-4169-89e8-f2b440a613c1,,260827,,,,,,,,,,,,,,,,,,,,
260827,"260827 Chaewon 채원 4149

",LE SSERAFIM,idolxdata,,https://ganknow.com/post/c7d5f8c3-6959-4a76-ad99-e37ac4d50867,,260827,,,,,,,,,,,,,,,,,,,,
260827,260827 chaewon section A yoichi,LE SSERAFIM,yoichi69,,https://ganknow.com/post/54c39939-6771-4c95-bbce-2121ab66cf62,,260827,,,,,,,,,,,,,,,,,,,,
260827,260827 CHAEWON「LIMITED」,LE SSERAFIM,KeqingData,,https://ganknow.com/post/36621501-9e32-4108-a772-9cf4f485a5e4,,260827,,,,,,,,,,,,,,,,,,,,
260827,260827 Chaewon,LE SSERAFIM,yoichi69,,https://ganknow.com/post/54c39939-6771-4c95-bbce-2121ab66cf62,,260827,,,,,,,,,,,,,,,,,,,,
260827,260827 Chaewon,LE SSERAFIM,loveshakedata,,https://loveshakedata.gumroad.com/l/260827-le-sserafim-chaewon-stage,,260827,,,,,,,,,,,,,,,,,,,,
260814,260814 Eunchae 1907,LE SSERAFIM,yoichi69,,https://ganknow.com/services/104235-yoichi69-260814-eunchae-limited,,260814,,,,,,,,,,,,,,,,,,,,
260814,260814 Yunjin yoichi ver2,LE SSERAFIM,yoichi69,,https://ganknow.com/post/6b37a29f-8cc0-4029-80a7-b82b939061f5,,260814,,,,,,,,,,,,,,,,,,,,
260814,260814 sakura 2028,LE SSERAFIM,yoichi69,,https://ganknow.com/post/fb142d44-bc90-4479-9316-40f06aae72fa,,260814,,,,,,,,,,,,,,,,,,,,
260814,260814 kazuha 1425,LE SSERAFIM,kdatastudio,,https://ganknow.com/post/44f1e5cc-d52f-4513-9ffd-4df920d0b7b7,,260814,,,,,,,,,,,,,,,,,,,,
260814,260814 Kazuha,LE SSERAFIM,yoichi69,,https://ganknow.com/post/9c72b148-4ae2-4dec-a816-4da9aa6b3664,,260814,,,,,,,,,,,,,,,,,,,,
260814,260814 chaewon 2007,LE SSERAFIM,yoichi69,,https://ganknow.com/post/6ca7f7cd-c1a5-4da9-862f-958d3b33f412,,260814,,,,,,,,,,,,,,,,,,,,
260816,Eunchae 260816 1516 ,LE SSERAFIM,,,,,260816,,,,,,,,,,,,,,,,,,,,
260801,260801 LESSERAFIM (PRIZE),LE SSERAFIM,,,https://ganknow.com/post/358e7c35-5ca5-44c8-80fc-91ce393f6d1d,,260801,,,,,,,,,,,,,,,,,,,,
260712,260712 eunchae 4043,LE SSERAFIM,datacoffeeshop,,https://ganknow.com/post/bab9b952-a242-43d1-906f-c01998cb6c2f,,260712,,,,,,,,,,,,,,,,,,,,
260711,260711 은채 4774,LE SSERAFIM,idolxdata,,https://ganknow.com/post/48e8b892-39c2-4d2c-8682-b8e0c52e6f1b,,260711,,,,,,,,,,,,,,,,,,,,
260711,260711 윤진 4129,LE SSERAFIM,idolxdata,,https://ganknow.com/post/5c07cf64-5b16-40f9-92ba-2ac88f710257,,260711,,,,,,,,,,,,,,,,,,,,
260711,260711 Sakura 4121,LE SSERAFIM,loveshakedata,,https://ganknow.com/post/50fad3b6-57ce-4a87-8681-830e082b5988,,260711,,,,,,,,,,,,,,,,,,,,
260711,260711 LESSERAFIM Chaewon coffe...,LE SSERAFIM,datacoffeeshop,,https://ganknow.com/post/72d90e3f-e7ed-48dd-b753-83b9194f4b79,440 GB !!!!!!,260711,,,,,,,,,,,,,,,,,,,,
260711,260711 CHAEWON BACKVIEW COLLECTION,LE SSERAFIM,idollove,,https://ganknow.com/post/1d90ef3d-a686-444e-90fb-9aefcc404c1a,,260711,,,,,,,,,,,,,,,,,,,,
260620,260620 카즈하 2024,LE SSERAFIM,idolxdata,,https://ganknow.com/post/d0e72f12-e18f-49b6-8a42-1f2ca364a6c5,,260620,,,,,,,,,,,,,,,,,,,,
260620,260620 sakura (Exlusive)1321,LE SSERAFIM,kdatastudio,,https://ganknow.com/services/98885-kdatastudio-260620-sakura-limited,,260620,,,,,,,,,,,,,,,,,,,,
260620,260620 sakura 2685,LE SSERAFIM,idollove,,https://ganknow.com/post/21b7c36a-caab-4d77-83e6-8b2594fa5673,,260620,,,,,,,,,,,,,,,,,,,,
260620,260620 Kazuha 1151,LE SSERAFIM,idollove,,https://ganknow.com/post/83940744-cdbf-460a-97a1-3d7dadd8002b,,260620,,,,,,,,,,,,,,,,,,,,
260620,260620 KAZUHA 2024 PICS,LE SSERAFIM,idolxdata,,https://ganknow.com/post/d0e72f12-e18f-49b6-8a42-1f2ca364a6c5,,260620,,,,,,,,,,,,,,,,,,,,
260607,260607 EUNCHAE 홍은채 10342,LE SSERAFIM,idolxdata,,https://ganknow.com/post/14cdf49d-c202-4494-bc4d-ac07b6819bb5,10K +,260607,,,,,,,,,,,,,,,,,,,,
260607,260607 EUNCHAE 2209,LE SSERAFIM,kdatastudio,,https://ganknow.com/post/be153fb4-9722-4240-8ddd-ef76e0c2826d,,260607,,,,,,,,,,,,,,,,,,,,
260607,260607 EUNCHAE 카즈하 604,LE SSERAFIM,,not sure which shop,,,260607,,,,,,,,,,,,,,,,,,,,
260607,260607 Eunchae 2000,LE SSERAFIM,kdatastudio,,https://ganknow.com/post/be153fb4-9722-4240-8ddd-ef76e0c2826d,wrong listing,260607,,,,,,,,,,,,,,,,,,,,
260530,260530 Kazuha EXCLUSIVE,LE SSERAFIM,loveshakedata,,EXCLUSIVE,EXCLUSIVE,260530,,,,,,,,,,,,,,,,,,,,
260527,260527 kazuha 1377,LE SSERAFIM,idolxdata,,https://ganknow.com/post/d0be9eec-bc5f-43ad-b363-3c7f26a5aa77,,260527,,,,,,,,,,,,,,,,,,,,
260519,260519 Kazuha RARE/LIMITED,LE SSERAFIM,loveshakedata,,cannot find post,260519 Kazuha 2648 LoveShakeData,260519,,,,,,,,,,,,,,,,,,,,
260201,260201 chaewon 4968,LE SSERAFIM,yoichi69,,https://ganknow.com/post/2fc1cbdd-4337-4c24-8fc4-ea0e16916869,,260201,,,,,,,,,,,,,,,,,,,,
260711,Kazuha - 260711 2848(Rare_KD),LE SSERAFIM,kdatastudio,,https://ganknow.com/post/b27745c0-f53b-4087-8c44-58e370c7ab2a,,260711,,,,,,,,,,,,,,,,,,,,
260816,260816 Eunchae 732 KData,LE SSERAFIM,kdatastudio,,,,260816,,,,,,,,,,,,,,,,,,,,
260827,260827 Eunchae 3540,LE SSERAFIM,,,,,260827,,,,,,,,,,,,,,,,,,,,
260607,260607 Sakura 2437,LE SSERAFIM,,,,,260607,,,,,,,,,,,,,,,,,,,,
260814,260814 Yunjin 1835,LE SSERAFIM,,,,,260814,,,,,,,,,,,,,,,,,,,,
260816,260816 Kazuha & Yunjin,LE SSERAFIM,,,,,260816,,,,,,,,,,,,,,,,,,,,
260814,260814 Sakura 1623 idolxdata,LE SSERAFIM,idolxdata,,,,260814,,,,,,,,,,,,,,,,,,,,
250510,250510 chowon LIGHTSUM 1606,LIGHTSUM,,,,,250510,,,,,,,,,,,,,,,,,,,,
250510,250510 chowon LIGHTSUM 1245,LIGHTSUM,,,buy from partner,,250510,,,,,,,,,,,,,,,,,,,,
260904,260904 Nayoung 4148,LIGHTSUM,,,,,260904,,,,,,,,,,,,,,,,,,,,
260827,260827 Anna 1675 ,MEOVV,kdatastudio,,https://ganknow.com/post/9b88a481-b9e6-436b-869f-cb8690918402,,260827,,,,,,,,,,,,,,,,,,,,
220921,220921 Hanni 1035 limited,NewJeans,,,,,220921,,,,,,,,,,,,,,,,,,,,
260919,260919 Kyujin,NMIXX,yoichi69,,https://ganknow.com/post/a3227d0f-c919-438b-b18f-965ff215a407,,260919,,,,,,,,,,,,,,,,,,,,
260613,260613 YUBIN 3063 RARE,OH MY GIRL,idollove,,https://ganknow.com/post/ce367e7f-03c5-45f4-8cc5-83c46149f12b,,260613,,,,,,,,,,,,,,,,,,,,
260613,260613 YUBIN (2),OH MY GIRL,idolxdata,,https://ganknow.com/post/07fd3dba-7329-454d-9f1a-615fcf090a1c,,260613,,,,,,,,,,,,,,,,,,,,
250419,250419 ARIN,OH MY GIRL,idollove,,https://ganknow.com/post/7c585f8a-3f13-4f7d-ae39-8d7b08ae3e85,,250419,,,,,,,,,,,,,,,,,,,,
250305,250305 Arin,OH MY GIRL,,,buy from partner,,250305,,,,,,,,,,,,,,,,,,,,
0,dont know date YUBIN  ,OH MY GIRL,kdatastudio,,,100$ data givaway from buying limited yubin ,0,,,,,,,,,,,,,,,,,,,,
260801,260801 조이 3261,RED VELVET,idolxdata,,https://ganknow.com/post/d9b10e5d-d67a-49c8-b723-7a2a2cdcb75b,,260801,,,,,,,,,,,,,,,,,,,,
260801,260801 Yeri 4226,RED VELVET,yoichi69,,https://ganknow.com/post/00239afc-e6b0-4d2e-8e9f-df13c07651ad,,260801,,,,,,,,,,,,,,,,,,,,
260801,260801 Joy (3169 pics),RED VELVET,yoichi69,,https://ganknow.com/post/c48260c6-76a8-42b5-9feb-80f6513bcf82,,260801,,,,,,,,,,,,,,,,,,,,
260801,260801 Joy,RED VELVET,idolxdata,,https://ganknow.com/post/d9b10e5d-d67a-49c8-b723-7a2a2cdcb75b,,260801,,,,,,,,,,,,,,,,,,,,
260822,260822 SNSD 409 limited Idollove,SNSD,idollove,,,,260822,,,,,,,,,,,,,,,,,,,,
260906,260906 YENA  coffe(1) ,SOLO,datacoffeeshop,,https://ganknow.com/post/39a8362d-3141-45a6-b583-493c51f395cd,,260906,,,,,,,,,,,,,,,,,,,,
260906,260906 YENA  coffe(2) ,SOLO,datacoffeeshop,,https://ganknow.com/post/29d87ef3-2ae5-4f9c-8779-bce72789317c,stage outfit pics (NOT performance pics),260906,,,,,,,,,,,,,,,,,,,,
260906,260906 YENA🚨LIMITED🚨,SOLO,idollove,,https://ganknow.com/post/788458d1-0232-4cf5-990c-84880f6c4e9b,,260906,,,,,,,,,,,,,,,,,,,,
260725,260725 Bibi 2210,SOLO,yoichi69,,https://ganknow.com/post/b21c4cba-c4d3-4e1f-9508-627b45af5c8d,,260725,,,,,,,,,,,,,,,,,,,,
260620,260620 dayoung 1734,SOLO,idollove,,https://ganknow.com/post/b45ad709-6dde-4acf-9ce8-d926a975970e,,260620,,,,,,,,,,,,,,,,,,,,
260502,260502 dayoung,SOLO,idolxdata,,https://ganknow.com/post/bc3d8e5b-13a5-433a-8948-fe2dd3e7371c,,260502,,,,,,,,,,,,,,,,,,,,
251115,251115 eunbi,SOLO,idolxdata,,https://ganknow.com/post/26a8b751-32ac-4f2c-88a4-b57d8d98d0fc,,251115,,,,,,,,,,,,,,,,,,,,
260911,260911 Isa 1984-yoichi Ver.1,StayC,yoichi69,,https://ganknow.com/post/d4fe2ad9-e7fb-40b6-9489-026c437e8c1c,,260911,,,,,,,,,,,,,,,,,,,,
260912,260912 CHAEYEON idollove,TripleS,idollove,,https://ganknow.com/post/224769b0-ce70-47a6-b44c-671d22aacdb5,,260912,,,,,,,,,,,,,,,,,,,,
260919,260919 TRIPLES Hayeon,TripleS,datacoffeeshop,,https://ganknow.com/post/bec43cdf-e565-4017-8829-644e1ec6f50c,,260919,,,,,,,,,,,,,,,,,,,,
260912,260912 Chaeyeon yoichi69 v2,TripleS,yoichi69,,https://ganknow.com/post/5ff6bdb4-aa0d-431e-8f23-b019ca217e38,,260912,,,,,,,,,,,,,,,,,,,,
260912,260912 Chaeyeon yoichi69 v1,TripleS,yoichi69,,https://ganknow.com/post/7559d1ed-d29e-4f9e-ada9-501c9bcf5ba1,,260912,,,,,,,,,,,,,,,,,,,,
260828,260828 Xinyu (LIMITED) 1759 ,TripleS,kdatastudio,,https://ganknow.com/services/106511-kdatastudio-260828-xinyu-limited,,260828,,,,,,,,,,,,,,,,,,,,
260726,260726 & 260727 hayeon,TripleS,datacoffeeshop,,https://ko-fi.com/s/60c885bbd5,,260726,,,,,,,,,,,,,,,,,,,,
260923,260923Mina  kdata,TWICE,kdatastudio,,https://ganknow.com/post/5aa14ab9-159d-48c7-8daf-61a28240ac7f,,260923,,,,,,,,,,,,,,,,,,,,
260923,260923 Mina Loveshake,TWICE,loveshakedata,,https://ganknow.com/post/986a7ccb-36ed-4253-bbc2-0b2d087f7929,,260923,,,,,,,,,,,,,,,,,,,,
260923,260923 Mina Yoichi,TWICE,yoichi69,,https://ganknow.com/post/2196c127-6d17-4810-a4fc-c879ccc7f903,,260923,,,,,,,,,,,,,,,,,,,,
260710,260710 Momo  rare/limited,TWICE,datacoffeeshop (?),No trade,post deleted,13K pics over 100 GB  - No trade,260710,,,,,,,,,,,,,,,,,,,,
260710,260710 Sana 4293,TWICE,yoichi69,,https://ganknow.com/post/6ad408ae-6290-4e22-9e29-c5240f00629a,,260710,,,,,,,,,,,,,,,,,,,,
260710,260710 Momo 1139 KData,TWICE,kdatastudio,,,,260710,,,,,,,,,,,,,,,,,,,,
260710,260710 Dahyun 1350 limited,TWICE,,,,,260710,,,,,,,,,,,,,,,,,,,,
261003,261003 SEUNGBI🚨LIMITED🚨,S2IT,idollove,,https://ganknow.com/post/e63b82e9-3d38-4245-beed-84974767969e,,261003,,,,,,,,,,,,,,,,,,,,